source_month,destination_month,chronological_pair_index,source_raw_status,destination_raw_status,source_status_total,transition_count,percentage_within_source_status,default_count,non_default_count,default_rate,observed_combination,small_sample_warning
April,May,0,-2,-2,4895,4102,83.79979570990807,806,3296,0.19648951730862993,True,False
April,May,0,-2,-1,4895,386,7.885597548518897,71,315,0.18393782383419688,True,False
April,May,0,-2,0,4895,354,7.231869254341164,81,273,0.2288135593220339,True,False
April,May,0,-2,1,4895,0,0.0,0,0,,False,False
April,May,0,-2,2,4895,53,1.0827374872318691,23,30,0.4339622641509434,True,True
April,May,0,-2,3,4895,0,0.0,0,0,,False,False
April,May,0,-2,4,4895,0,0.0,0,0,,False,False
April,May,0,-2,5,4895,0,0.0,0,0,,False,False
April,May,0,-2,6,4895,0,0.0,0,0,,False,False
April,May,0,-2,7,4895,0,0.0,0,0,,False,False
April,May,0,-2,8,4895,0,0.0,0,0,,False,False
April,May,0,-2,9,4895,0,0.0,0,0,,False,False
April,May,0,-1,-2,5740,444,7.7351916376306615,89,355,0.20045045045045046,True,False
April,May,0,-1,-1,5740,4110,71.602787456446,661,3449,0.1608272506082725,True,False
April,May,0,-1,0,5740,1094,19.059233449477354,199,895,0.18190127970749542,True,False
April,May,0,-1,1,5740,0,0.0,0,0,,False,False
April,May,0,-1,2,5740,92,1.6027874564459932,26,66,0.2826086956521739,True,True
April,May,0,-1,3,5740,0,0.0,0,0,,False,False
April,May,0,-1,4,5740,0,0.0,0,0,,False,False
April,May,0,-1,5,5740,0,0.0,0,0,,False,False
April,May,0,-1,6,5740,0,0.0,0,0,,False,False
April,May,0,-1,7,5740,0,0.0,0,0,,False,False
April,May,0,-1,8,5740,0,0.0,0,0,,False,False
April,May,0,-1,9,5740,0,0.0,0,0,,False,False
April,May,0,0,-2,16286,0,0.0,0,0,,False,False
April,May,0,0,-1,16286,834,5.120962790126489,117,717,0.14028776978417265,True,False
April,May,0,0,0,16286,14735,90.4764828687216,2639,12096,0.17909738717339668,True,False
April,May,0,0,1,16286,0,0.0,0,0,,False,False
April,May,0,0,2,16286,717,4.40255434115191,313,404,0.43654114365411434,True,False
April,May,0,0,3,16286,0,0.0,0,0,,False,False
April,May,0,0,4,16286,0,0.0,0,0,,False,False
April,May,0,0,5,16286,0,0.0,0,0,,False,False
April,May,0,0,6,16286,0,0.0,0,0,,False,False
April,May,0,0,7,16286,0,0.0,0,0,,False,False
April,May,0,0,8,16286,0,0.0,0,0,,False,False
April,May,0,0,9,16286,0,0.0,0,0,,False,False
April,May,0,1,-2,0,0,,0,0,,False,False
April,May,0,1,-1,0,0,,0,0,,False,False
April,May,0,1,0,0,0,,0,0,,False,False
April,May,0,1,1,0,0,,0,0,,False,False
April,May,0,1,2,0,0,,0,0,,False,False
April,May,0,1,3,0,0,,0,0,,False,False
April,May,0,1,4,0,0,,0,0,,False,False
April,May,0,1,5,0,0,,0,0,,False,False
April,May,0,1,6,0,0,,0,0,,False,False
April,May,0,1,7,0,0,,0,0,,False,False
April,May,0,1,8,0,0,,0,0,,False,False
April,May,0,1,9,0,0,,0,0,,False,False
April,May,0,2,-2,2766,0,0.0,0,0,,False,False
April,May,0,2,-1,2766,198,7.158351409978309,42,156,0.21212121212121213,True,True
April,May,0,2,0,2766,732,26.46420824295011,256,476,0.34972677595628415,True,False
April,May,0,2,1,2766,0,0.0,0,0,,False,False
April,May,0,2,2,2766,1702,61.53289949385395,1019,683,0.5987074030552292,True,False
April,May,0,2,3,2766,134,4.844540853217643,84,50,0.6268656716417911,True,True
April,May,0,2,4,2766,0,0.0,0,0,,False,False
April,May,0,2,5,2766,0,0.0,0,0,,False,False
April,May,0,2,6,2766,0,0.0,0,0,,False,False
April,May,0,2,7,2766,0,0.0,0,0,,False,False
April,May,0,2,8,2766,0,0.0,0,0,,False,False
April,May,0,2,9,2766,0,0.0,0,0,,False,False
April,May,0,3,-2,184,0,0.0,0,0,,False,False
April,May,0,3,-1,184,10,5.434782608695652,6,4,0.6,True,True
April,May,0,3,0,184,31,16.847826086956523,19,12,0.6129032258064516,True,True
April,May,0,3,1,184,0,0.0,0,0,,False,False
April,May,0,3,2,184,47,25.543478260869566,31,16,0.6595744680851063,True,True
April,May,0,3,3,184,37,20.108695652173914,25,12,0.6756756756756757,True,True
April,May,0,3,4,184,59,32.065217391304344,37,22,0.6271186440677966,True,True
April,May,0,3,5,184,0,0.0,0,0,,False,False
April,May,0,3,6,184,0,0.0,0,0,,False,False
April,May,0,3,7,184,0,0.0,0,0,,False,False
April,May,0,3,8,184,0,0.0,0,0,,False,False
April,May,0,3,9,184,0,0.0,0,0,,False,False
April,May,0,4,-2,49,0,0.0,0,0,,False,False
April,May,0,4,-1,49,0,0.0,0,0,,False,False
April,May,0,4,0,49,0,0.0,0,0,,False,False
April,May,0,4,1,49,0,0.0,0,0,,False,False
April,May,0,4,2,49,9,18.367346938775512,8,1,0.8888888888888888,True,True
April,May,0,4,3,49,5,10.204081632653061,3,2,0.6,True,True
April,May,0,4,4,49,23,46.93877551020408,14,9,0.6086956521739131,True,True
April,May,0,4,5,49,12,24.489795918367346,6,6,0.5,True,True
April,May,0,4,6,49,0,0.0,0,0,,False,False
April,May,0,4,7,49,0,0.0,0,0,,False,False
April,May,0,4,8,49,0,0.0,0,0,,False,False
April,May,0,4,9,49,0,0.0,0,0,,False,False
April,May,0,5,-2,13,0,0.0,0,0,,False,False
April,May,0,5,-1,13,0,0.0,0,0,,False,False
April,May,0,5,0,13,0,0.0,0,0,,False,False
April,May,0,5,1,13,0,0.0,0,0,,False,False
April,May,0,5,2,13,4,30.76923076923077,2,2,0.5,True,True
April,May,0,5,3,13,2,15.384615384615385,1,1,0.5,True,True
April,May,0,5,4,13,1,7.6923076923076925,0,1,0.0,True,True
April,May,0,5,5,13,3,23.076923076923077,2,1,0.6666666666666666,True,True
April,May,0,5,6,13,3,23.076923076923077,2,1,0.6666666666666666,True,True
April,May,0,5,7,13,0,0.0,0,0,,False,False
April,May,0,5,8,13,0,0.0,0,0,,False,False
April,May,0,5,9,13,0,0.0,0,0,,False,False
April,May,0,6,-2,19,0,0.0,0,0,,False,False
April,May,0,6,-1,19,1,5.263157894736842,0,1,0.0,True,True
April,May,0,6,0,19,1,5.263157894736842,1,0,1.0,True,True
April,May,0,6,1,19,0,0.0,0,0,,False,False
April,May,0,6,2,19,2,10.526315789473683,1,1,0.5,True,True
April,May,0,6,3,19,0,0.0,0,0,,False,False
April,May,0,6,4,19,1,5.263157894736842,0,1,0.0,True,True
April,May,0,6,5,19,2,10.526315789473683,2,0,1.0,True,True
April,May,0,6,6,19,1,5.263157894736842,1,0,1.0,True,True
April,May,0,6,7,19,11,57.89473684210527,9,2,0.8181818181818182,True,True
April,May,0,6,8,19,0,0.0,0,0,,False,False
April,May,0,6,9,19,0,0.0,0,0,,False,False
April,May,0,7,-2,46,0,0.0,0,0,,False,False
April,May,0,7,-1,46,0,0.0,0,0,,False,False
April,May,0,7,0,46,0,0.0,0,0,,False,False
April,May,0,7,1,46,0,0.0,0,0,,False,False
April,May,0,7,2,46,0,0.0,0,0,,False,False
April,May,0,7,3,46,0,0.0,0,0,,False,False
April,May,0,7,4,46,0,0.0,0,0,,False,False
April,May,0,7,5,46,0,0.0,0,0,,False,False
April,May,0,7,6,46,0,0.0,0,0,,False,False
April,May,0,7,7,46,46,100.0,38,8,0.8260869565217391,True,True
April,May,0,7,8,46,0,0.0,0,0,,False,False
April,May,0,7,9,46,0,0.0,0,0,,False,False
April,May,0,8,-2,2,0,0.0,0,0,,False,False
April,May,0,8,-1,2,0,0.0,0,0,,False,False
April,May,0,8,0,2,0,0.0,0,0,,False,False
April,May,0,8,1,2,0,0.0,0,0,,False,False
April,May,0,8,2,2,0,0.0,0,0,,False,False
April,May,0,8,3,2,0,0.0,0,0,,False,False
April,May,0,8,4,2,0,0.0,0,0,,False,False
April,May,0,8,5,2,0,0.0,0,0,,False,False
April,May,0,8,6,2,0,0.0,0,0,,False,False
April,May,0,8,7,2,1,50.0,1,0,1.0,True,True
April,May,0,8,8,2,1,50.0,1,0,1.0,True,True
April,May,0,8,9,2,0,0.0,0,0,,False,False
April,May,0,9,-2,0,0,,0,0,,False,False
April,May,0,9,-1,0,0,,0,0,,False,False
April,May,0,9,0,0,0,,0,0,,False,False
April,May,0,9,1,0,0,,0,0,,False,False
April,May,0,9,2,0,0,,0,0,,False,False
April,May,0,9,3,0,0,,0,0,,False,False
April,May,0,9,4,0,0,,0,0,,False,False
April,May,0,9,5,0,0,,0,0,,False,False
April,May,0,9,6,0,0,,0,0,,False,False
April,May,0,9,7,0,0,,0,0,,False,False
April,May,0,9,8,0,0,,0,0,,False,False
April,May,0,9,9,0,0,,0,0,,False,False
May,June,1,-2,-2,4546,3910,86.00967883853937,765,3145,0.1956521739130435,True,False
May,June,1,-2,-1,4546,336,7.391113066432029,59,277,0.17559523809523808,True,False
May,June,1,-2,0,4546,237,5.2133743950725915,46,191,0.1940928270042194,True,False
May,June,1,-2,1,4546,0,0.0,0,0,,False,False
May,June,1,-2,2,4546,63,1.3858336999560052,25,38,0.3968253968253968,True,True
May,June,1,-2,3,4546,0,0.0,0,0,,False,False
May,June,1,-2,4,4546,0,0.0,0,0,,False,False
May,June,1,-2,5,4546,0,0.0,0,0,,False,False
May,June,1,-2,6,4546,0,0.0,0,0,,False,False
May,June,1,-2,7,4546,0,0.0,0,0,,False,False
May,June,1,-2,8,4546,0,0.0,0,0,,False,False
May,June,1,-2,9,4546,0,0.0,0,0,,False,False
May,June,1,-1,-2,5539,435,7.853403141361256,72,363,0.16551724137931034,True,False
May,June,1,-1,-1,5539,4112,74.23722693627009,639,3473,0.1553988326848249,True,False
May,June,1,-1,0,5539,802,14.47914786062466,128,674,0.1596009975062344,True,False
May,June,1,-1,1,5539,0,0.0,0,0,,False,False
May,June,1,-1,2,5539,190,3.4302220617439967,58,132,0.30526315789473685,True,True
May,June,1,-1,3,5539,0,0.0,0,0,,False,False
May,June,1,-1,4,5539,0,0.0,0,0,,False,False
May,June,1,-1,5,5539,0,0.0,0,0,,False,False
May,June,1,-1,6,5539,0,0.0,0,0,,False,False
May,June,1,-1,7,5539,0,0.0,0,0,,False,False
May,June,1,-1,8,5539,0,0.0,0,0,,False,False
May,June,1,-1,9,5539,0,0.0,0,0,,False,False
May,June,1,0,-2,16947,3,0.01770224818551956,0,3,0.0,True,True
May,June,1,0,-1,16947,1117,6.59113707440845,165,952,0.1477170993733214,True,False
May,June,1,0,0,16947,14825,87.4786097834425,2615,12210,0.1763912310286678,True,False
May,June,1,0,1,16947,1,0.005900749395173187,0,1,0.0,True,True
May,June,1,0,2,16947,1001,5.90665014456836,415,586,0.4145854145854146,True,False
May,June,1,0,3,16947,0,0.0,0,0,,False,False
May,June,1,0,4,16947,0,0.0,0,0,,False,False
May,June,1,0,5,16947,0,0.0,0,0,,False,False
May,June,1,0,6,16947,0,0.0,0,0,,False,False
May,June,1,0,7,16947,0,0.0,0,0,,False,False
May,June,1,0,8,16947,0,0.0,0,0,,False,False
May,June,1,0,9,16947,0,0.0,0,0,,False,False
May,June,1,1,-2,0,0,,0,0,,False,False
May,June,1,1,-1,0,0,,0,0,,False,False
May,June,1,1,0,0,0,,0,0,,False,False
May,June,1,1,1,0,0,,0,0,,False,False
May,June,1,1,2,0,0,,0,0,,False,False
May,June,1,1,3,0,0,,0,0,,False,False
May,June,1,1,4,0,0,,0,0,,False,False
May,June,1,1,5,0,0,,0,0,,False,False
May,June,1,1,6,0,0,,0,0,,False,False
May,June,1,1,7,0,0,,0,0,,False,False
May,June,1,1,8,0,0,,0,0,,False,False
May,June,1,1,9,0,0,,0,0,,False,False
May,June,1,2,-2,2626,0,0.0,0,0,,False,False
May,June,1,2,-1,2626,116,4.417364813404418,40,76,0.3448275862068966,True,True
May,June,1,2,0,2626,573,21.820258948971823,213,360,0.3717277486910995,True,False
May,June,1,2,1,2626,1,0.03808073115003808,1,0,1.0,True,True
May,June,1,2,2,2626,1805,68.73571972581874,1093,712,0.6055401662049862,True,False
May,June,1,2,3,2626,131,4.988575780654989,76,55,0.5801526717557252,True,True
May,June,1,2,4,2626,0,0.0,0,0,,False,False
May,June,1,2,5,2626,0,0.0,0,0,,False,False
May,June,1,2,6,2626,0,0.0,0,0,,False,False
May,June,1,2,7,2626,0,0.0,0,0,,False,False
May,June,1,2,8,2626,0,0.0,0,0,,False,False
May,June,1,2,9,2626,0,0.0,0,0,,False,False
May,June,1,3,-2,178,0,0.0,0,0,,False,False
May,June,1,3,-1,178,5,2.8089887640449436,1,4,0.2,True,True
May,June,1,3,0,178,15,8.426966292134832,11,4,0.7333333333333333,True,True
May,June,1,3,1,178,0,0.0,0,0,,False,False
May,June,1,3,2,178,78,43.82022471910113,46,32,0.5897435897435898,True,True
May,June,1,3,3,178,41,23.03370786516854,30,11,0.7317073170731707,True,True
May,June,1,3,4,178,39,21.910112359550563,25,14,0.6410256410256411,True,True
May,June,1,3,5,178,0,0.0,0,0,,False,False
May,June,1,3,6,178,0,0.0,0,0,,False,False
May,June,1,3,7,178,0,0.0,0,0,,False,False
May,June,1,3,8,178,0,0.0,0,0,,False,False
May,June,1,3,9,178,0,0.0,0,0,,False,False
May,June,1,4,-2,84,0,0.0,0,0,,False,False
May,June,1,4,-1,84,1,1.1904761904761905,0,1,0.0,True,True
May,June,1,4,0,84,2,2.380952380952381,2,0,1.0,True,True
May,June,1,4,1,84,0,0.0,0,0,,False,False
May,June,1,4,2,84,21,25.0,15,6,0.7142857142857143,True,True
May,June,1,4,3,84,4,4.761904761904762,1,3,0.25,True,True
May,June,1,4,4,84,26,30.952380952380953,18,8,0.6923076923076923,True,True
May,June,1,4,5,84,30,35.714285714285715,15,15,0.5,True,True
May,June,1,4,6,84,0,0.0,0,0,,False,False
May,June,1,4,7,84,0,0.0,0,0,,False,False
May,June,1,4,8,84,0,0.0,0,0,,False,False
May,June,1,4,9,84,0,0.0,0,0,,False,False
May,June,1,5,-2,17,0,0.0,0,0,,False,False
May,June,1,5,-1,17,0,0.0,0,0,,False,False
May,June,1,5,0,17,1,5.88235294117647,1,0,1.0,True,True
May,June,1,5,1,17,0,0.0,0,0,,False,False
May,June,1,5,2,17,1,5.88235294117647,1,0,1.0,True,True
May,June,1,5,3,17,3,17.647058823529413,2,1,0.6666666666666666,True,True
May,June,1,5,4,17,4,23.52941176470588,3,1,0.75,True,True
May,June,1,5,5,17,5,29.411764705882355,3,2,0.6,True,True
May,June,1,5,6,17,3,17.647058823529413,0,3,0.0,True,True
May,June,1,5,7,17,0,0.0,0,0,,False,False
May,June,1,5,8,17,0,0.0,0,0,,False,False
May,June,1,5,9,17,0,0.0,0,0,,False,False
May,June,1,6,-2,4,0,0.0,0,0,,False,False
May,June,1,6,-1,4,0,0.0,0,0,,False,False
May,June,1,6,0,4,0,0.0,0,0,,False,False
May,June,1,6,1,4,0,0.0,0,0,,False,False
May,June,1,6,2,4,0,0.0,0,0,,False,False
May,June,1,6,3,4,0,0.0,0,0,,False,False
May,June,1,6,4,4,0,0.0,0,0,,False,False
May,June,1,6,5,4,0,0.0,0,0,,False,False
May,June,1,6,6,4,1,25.0,1,0,1.0,True,True
May,June,1,6,7,4,3,75.0,2,1,0.6666666666666666,True,True
May,June,1,6,8,4,0,0.0,0,0,,False,False
May,June,1,6,9,4,0,0.0,0,0,,False,False
May,June,1,7,-2,58,0,0.0,0,0,,False,False
May,June,1,7,-1,58,0,0.0,0,0,,False,False
May,June,1,7,0,58,0,0.0,0,0,,False,False
May,June,1,7,1,58,0,0.0,0,0,,False,False
May,June,1,7,2,58,0,0.0,0,0,,False,False
May,June,1,7,3,58,1,1.7241379310344827,1,0,1.0,True,True
May,June,1,7,4,58,0,0.0,0,0,,False,False
May,June,1,7,5,58,0,0.0,0,0,,False,False
May,June,1,7,6,58,1,1.7241379310344827,1,0,1.0,True,True
May,June,1,7,7,58,55,94.82758620689656,46,9,0.8363636363636363,True,True
May,June,1,7,8,58,1,1.7241379310344827,0,1,0.0,True,True
May,June,1,7,9,58,0,0.0,0,0,,False,False
May,June,1,8,-2,1,0,0.0,0,0,,False,False
May,June,1,8,-1,1,0,0.0,0,0,,False,False
May,June,1,8,0,1,0,0.0,0,0,,False,False
May,June,1,8,1,1,0,0.0,0,0,,False,False
May,June,1,8,2,1,0,0.0,0,0,,False,False
May,June,1,8,3,1,0,0.0,0,0,,False,False
May,June,1,8,4,1,0,0.0,0,0,,False,False
May,June,1,8,5,1,0,0.0,0,0,,False,False
May,June,1,8,6,1,0,0.0,0,0,,False,False
May,June,1,8,7,1,0,0.0,0,0,,False,False
May,June,1,8,8,1,1,100.0,1,0,1.0,True,True
May,June,1,8,9,1,0,0.0,0,0,,False,False
May,June,1,9,-2,0,0,,0,0,,False,False
May,June,1,9,-1,0,0,,0,0,,False,False
May,June,1,9,0,0,0,,0,0,,False,False
May,June,1,9,1,0,0,,0,0,,False,False
May,June,1,9,2,0,0,,0,0,,False,False
May,June,1,9,3,0,0,,0,0,,False,False
May,June,1,9,4,0,0,,0,0,,False,False
May,June,1,9,5,0,0,,0,0,,False,False
May,June,1,9,6,0,0,,0,0,,False,False
May,June,1,9,7,0,0,,0,0,,False,False
May,June,1,9,8,0,0,,0,0,,False,False
May,June,1,9,9,0,0,,0,0,,False,False
June,July,2,-2,-2,4348,3652,83.99264029438822,689,2963,0.18866374589266155,True,False
June,July,2,-2,-1,4348,353,8.118675252989881,70,283,0.19830028328611898,True,False
June,July,2,-2,0,4348,261,6.002759889604416,44,217,0.1685823754789272,True,False
June,July,2,-2,1,4348,0,0.0,0,0,,False,False
June,July,2,-2,2,4348,82,1.8859245630174795,34,48,0.4146341463414634,True,True
June,July,2,-2,3,4348,0,0.0,0,0,,False,False
June,July,2,-2,4,4348,0,0.0,0,0,,False,False
June,July,2,-2,5,4348,0,0.0,0,0,,False,False
June,July,2,-2,6,4348,0,0.0,0,0,,False,False
June,July,2,-2,7,4348,0,0.0,0,0,,False,False
June,July,2,-2,8,4348,0,0.0,0,0,,False,False
June,July,2,-2,9,4348,0,0.0,0,0,,False,False
June,July,2,-1,-2,5687,431,7.5786882363284676,68,363,0.15777262180974477,True,False
June,July,2,-1,-1,5687,4379,77.00017583963425,645,3734,0.1472939027175154,True,False
June,July,2,-1,0,5687,554,9.741515737647266,86,468,0.1552346570397112,True,False
June,July,2,-1,1,5687,0,0.0,0,0,,False,False
June,July,2,-1,2,5687,323,5.679620186390013,105,218,0.32507739938080493,True,False
June,July,2,-1,3,5687,0,0.0,0,0,,False,False
June,July,2,-1,4,5687,0,0.0,0,0,,False,False
June,July,2,-1,5,5687,0,0.0,0,0,,False,False
June,July,2,-1,6,5687,0,0.0,0,0,,False,False
June,July,2,-1,7,5687,0,0.0,0,0,,False,False
June,July,2,-1,8,5687,0,0.0,0,0,,False,False
June,July,2,-1,9,5687,0,0.0,0,0,,False,False
June,July,2,0,-2,16455,0,0.0,0,0,,False,False
June,July,2,0,-1,16455,981,5.961713764813126,143,838,0.145769622833843,True,False
June,July,2,0,0,16455,14255,86.63020358553631,2367,11888,0.16604700105226236,True,False
June,July,2,0,1,16455,1,0.006077180188392586,0,1,0.0,True,True
June,July,2,0,2,16455,1218,7.4020054694621695,506,712,0.4154351395730706,True,False
June,July,2,0,3,16455,0,0.0,0,0,,False,False
June,July,2,0,4,16455,0,0.0,0,0,,False,False
June,July,2,0,5,16455,0,0.0,0,0,,False,False
June,July,2,0,6,16455,0,0.0,0,0,,False,False
June,July,2,0,7,16455,0,0.0,0,0,,False,False
June,July,2,0,8,16455,0,0.0,0,0,,False,False
June,July,2,0,9,16455,0,0.0,0,0,,False,False
June,July,2,1,-2,2,0,0.0,0,0,,False,False
June,July,2,1,-1,2,0,0.0,0,0,,False,False
June,July,2,1,0,2,0,0.0,0,0,,False,False
June,July,2,1,1,2,2,100.0,1,1,0.5,True,True
June,July,2,1,2,2,0,0.0,0,0,,False,False
June,July,2,1,3,2,0,0.0,0,0,,False,False
June,July,2,1,4,2,0,0.0,0,0,,False,False
June,July,2,1,5,2,0,0.0,0,0,,False,False
June,July,2,1,6,2,0,0.0,0,0,,False,False
June,July,2,1,7,2,0,0.0,0,0,,False,False
June,July,2,1,8,2,0,0.0,0,0,,False,False
June,July,2,1,9,2,0,0.0,0,0,,False,False
June,July,2,2,-2,3159,2,0.06331117442228554,0,2,0.0,True,True
June,July,2,2,-1,3159,220,6.964229186451408,64,156,0.2909090909090909,True,False
June,July,2,2,0,3159,672,21.27255460588794,245,427,0.3645833333333333,True,False
June,July,2,2,1,3159,1,0.03165558721114277,0,1,0.0,True,True
June,July,2,2,2,3159,2060,65.2105096549541,1229,831,0.5966019417475729,True,False
June,July,2,2,3,3159,204,6.457739791073125,115,89,0.5637254901960784,True,False
June,July,2,2,4,3159,0,0.0,0,0,,False,False
June,July,2,2,5,3159,0,0.0,0,0,,False,False
June,July,2,2,6,3159,0,0.0,0,0,,False,False
June,July,2,2,7,3159,0,0.0,0,0,,False,False
June,July,2,2,8,3159,0,0.0,0,0,,False,False
June,July,2,2,9,3159,0,0.0,0,0,,False,False
June,July,2,3,-2,180,0,0.0,0,0,,False,False
June,July,2,3,-1,180,3,1.6666666666666667,3,0,1.0,True,True
June,July,2,3,0,180,19,10.555555555555555,8,11,0.42105263157894735,True,True
June,July,2,3,1,180,0,0.0,0,0,,False,False
June,July,2,3,2,180,78,43.333333333333336,52,26,0.6666666666666666,True,True
June,July,2,3,3,180,33,18.333333333333332,21,12,0.6363636363636364,True,True
June,July,2,3,4,180,47,26.111111111111114,26,21,0.5531914893617021,True,True
June,July,2,3,5,180,0,0.0,0,0,,False,False
June,July,2,3,6,180,0,0.0,0,0,,False,False
June,July,2,3,7,180,0,0.0,0,0,,False,False
June,July,2,3,8,180,0,0.0,0,0,,False,False
June,July,2,3,9,180,0,0.0,0,0,,False,False
June,July,2,4,-2,69,0,0.0,0,0,,False,False
June,July,2,4,-1,69,2,2.898550724637681,1,1,0.5,True,True
June,July,2,4,0,69,2,2.898550724637681,1,1,0.5,True,True
June,July,2,4,1,69,0,0.0,0,0,,False,False
June,July,2,4,2,69,19,27.536231884057973,14,5,0.7368421052631579,True,True
June,July,2,4,3,69,3,4.3478260869565215,2,1,0.6666666666666666,True,True
June,July,2,4,4,69,26,37.68115942028986,18,8,0.6923076923076923,True,True
June,July,2,4,5,69,17,24.637681159420293,10,7,0.5882352941176471,True,True
June,July,2,4,6,69,0,0.0,0,0,,False,False
June,July,2,4,7,69,0,0.0,0,0,,False,False
June,July,2,4,8,69,0,0.0,0,0,,False,False
June,July,2,4,9,69,0,0.0,0,0,,False,False
June,July,2,5,-2,35,0,0.0,0,0,,False,False
June,July,2,5,-1,35,0,0.0,0,0,,False,False
June,July,2,5,0,35,1,2.857142857142857,0,1,0.0,True,True
June,July,2,5,1,35,0,0.0,0,0,,False,False
June,July,2,5,2,35,7,20.0,3,4,0.42857142857142855,True,True
June,July,2,5,3,35,0,0.0,0,0,,False,False
June,July,2,5,4,35,2,5.714285714285714,0,2,0.0,True,True
June,July,2,5,5,35,4,11.428571428571429,2,2,0.5,True,True
June,July,2,5,6,35,21,60.0,13,8,0.6190476190476191,True,True
June,July,2,5,7,35,0,0.0,0,0,,False,False
June,July,2,5,8,35,0,0.0,0,0,,False,False
June,July,2,5,9,35,0,0.0,0,0,,False,False
June,July,2,6,-2,5,0,0.0,0,0,,False,False
June,July,2,6,-1,5,0,0.0,0,0,,False,False
June,July,2,6,0,5,0,0.0,0,0,,False,False
June,July,2,6,1,5,0,0.0,0,0,,False,False
June,July,2,6,2,5,1,20.0,0,1,0.0,True,True
June,July,2,6,3,5,0,0.0,0,0,,False,False
June,July,2,6,4,5,0,0.0,0,0,,False,False
June,July,2,6,5,5,0,0.0,0,0,,False,False
June,July,2,6,6,5,2,40.0,1,1,0.5,True,True
June,July,2,6,7,5,2,40.0,1,1,0.5,True,True
June,July,2,6,8,5,0,0.0,0,0,,False,False
June,July,2,6,9,5,0,0.0,0,0,,False,False
June,July,2,7,-2,58,0,0.0,0,0,,False,False
June,July,2,7,-1,58,0,0.0,0,0,,False,False
June,July,2,7,0,58,0,0.0,0,0,,False,False
June,July,2,7,1,58,0,0.0,0,0,,False,False
June,July,2,7,2,58,31,53.44827586206896,26,5,0.8387096774193549,True,True
June,July,2,7,3,58,0,0.0,0,0,,False,False
June,July,2,7,4,58,0,0.0,0,0,,False,False
June,July,2,7,5,58,0,0.0,0,0,,False,False
June,July,2,7,6,58,0,0.0,0,0,,False,False
June,July,2,7,7,58,25,43.103448275862064,21,4,0.84,True,True
June,July,2,7,8,58,2,3.4482758620689653,1,1,0.5,True,True
June,July,2,7,9,58,0,0.0,0,0,,False,False
June,July,2,8,-2,2,0,0.0,0,0,,False,False
June,July,2,8,-1,2,0,0.0,0,0,,False,False
June,July,2,8,0,2,0,0.0,0,0,,False,False
June,July,2,8,1,2,0,0.0,0,0,,False,False
June,July,2,8,2,2,0,0.0,0,0,,False,False
June,July,2,8,3,2,0,0.0,0,0,,False,False
June,July,2,8,4,2,1,50.0,0,1,0.0,True,True
June,July,2,8,5,2,0,0.0,0,0,,False,False
June,July,2,8,6,2,0,0.0,0,0,,False,False
June,July,2,8,7,2,0,0.0,0,0,,False,False
June,July,2,8,8,2,1,50.0,1,0,1.0,True,True
June,July,2,8,9,2,0,0.0,0,0,,False,False
June,July,2,9,-2,0,0,,0,0,,False,False
June,July,2,9,-1,0,0,,0,0,,False,False
June,July,2,9,0,0,0,,0,0,,False,False
June,July,2,9,1,0,0,,0,0,,False,False
June,July,2,9,2,0,0,,0,0,,False,False
June,July,2,9,3,0,0,,0,0,,False,False
June,July,2,9,4,0,0,,0,0,,False,False
June,July,2,9,5,0,0,,0,0,,False,False
June,July,2,9,6,0,0,,0,0,,False,False
June,July,2,9,7,0,0,,0,0,,False,False
June,July,2,9,8,0,0,,0,0,,False,False
June,July,2,9,9,0,0,,0,0,,False,False
July,August,3,-2,-2,4085,3377,82.66829865361078,629,2748,0.18625999407758365,True,False
July,August,3,-2,-1,4085,402,9.840881272949817,64,338,0.15920398009950248,True,False
July,August,3,-2,0,4085,239,5.850673194614443,28,211,0.11715481171548117,True,False
July,August,3,-2,1,4085,12,0.2937576499388005,4,8,0.3333333333333333,True,True
July,August,3,-2,2,4085,55,1.346389228886169,32,23,0.5818181818181818,True,True
July,August,3,-2,3,4085,0,0.0,0,0,,False,False
July,August,3,-2,4,4085,0,0.0,0,0,,False,False
July,August,3,-2,5,4085,0,0.0,0,0,,False,False
July,August,3,-2,6,4085,0,0.0,0,0,,False,False
July,August,3,-2,7,4085,0,0.0,0,0,,False,False
July,August,3,-2,8,4085,0,0.0,0,0,,False,False
July,August,3,-2,9,4085,0,0.0,0,0,,False,False
July,August,3,-1,-2,5938,401,6.753115527113507,61,340,0.15211970074812967,True,False
July,August,3,-1,-1,5938,4673,78.69653081845739,708,3965,0.1515086668093302,True,False
July,August,3,-1,0,5938,548,9.228696530818457,58,490,0.10583941605839416,True,False
July,August,3,-1,1,5938,9,0.15156618390030313,0,9,0.0,True,True
July,August,3,-1,2,5938,307,5.17009093971034,99,208,0.32247557003257327,True,False
July,August,3,-1,3,5938,0,0.0,0,0,,False,False
July,August,3,-1,4,5938,0,0.0,0,0,,False,False
July,August,3,-1,5,5938,0,0.0,0,0,,False,False
July,August,3,-1,6,5938,0,0.0,0,0,,False,False
July,August,3,-1,7,5938,0,0.0,0,0,,False,False
July,August,3,-1,8,5938,0,0.0,0,0,,False,False
July,August,3,-1,9,5938,0,0.0,0,0,,False,False
July,August,3,0,-2,15764,1,0.006343567622430856,1,0,1.0,True,True
July,August,3,0,-1,15764,571,3.622177112408018,75,496,0.13134851138353765,True,False
July,August,3,0,0,15764,14074,89.27937071809185,2163,11911,0.1536876509876368,True,False
July,August,3,0,1,15764,1,0.006343567622430856,0,1,0.0,True,True
July,August,3,0,2,15764,1117,7.085765034255265,512,605,0.4583706356311549,True,False
July,August,3,0,3,15764,0,0.0,0,0,,False,False
July,August,3,0,4,15764,0,0.0,0,0,,False,False
July,August,3,0,5,15764,0,0.0,0,0,,False,False
July,August,3,0,6,15764,0,0.0,0,0,,False,False
July,August,3,0,7,15764,0,0.0,0,0,,False,False
July,August,3,0,8,15764,0,0.0,0,0,,False,False
July,August,3,0,9,15764,0,0.0,0,0,,False,False
July,August,3,1,-2,4,0,0.0,0,0,,False,False
July,August,3,1,-1,4,0,0.0,0,0,,False,False
July,August,3,1,0,4,0,0.0,0,0,,False,False
July,August,3,1,1,4,4,100.0,1,3,0.25,True,True
July,August,3,1,2,4,0,0.0,0,0,,False,False
July,August,3,1,3,4,0,0.0,0,0,,False,False
July,August,3,1,4,4,0,0.0,0,0,,False,False
July,August,3,1,5,4,0,0.0,0,0,,False,False
July,August,3,1,6,4,0,0.0,0,0,,False,False
July,August,3,1,7,4,0,0.0,0,0,,False,False
July,August,3,1,8,4,0,0.0,0,0,,False,False
July,August,3,1,9,4,0,0.0,0,0,,False,False
July,August,3,2,-2,3819,3,0.07855459544383347,0,3,0.0,True,True
July,August,3,2,-1,3819,385,10.081173081958628,113,272,0.2935064935064935,True,False
July,August,3,2,0,3819,837,21.916732128829537,241,596,0.28793309438470727,True,False
July,August,3,2,1,3819,2,0.05236973029588898,0,2,0.0,True,True
July,August,3,2,2,3819,2302,60.27755957056821,1437,865,0.6242397914856647,True,False
July,August,3,2,3,3819,290,7.593610892903902,178,112,0.6137931034482759,True,False
July,August,3,2,4,3819,0,0.0,0,0,,False,False
July,August,3,2,5,3819,0,0.0,0,0,,False,False
July,August,3,2,6,3819,0,0.0,0,0,,False,False
July,August,3,2,7,3819,0,0.0,0,0,,False,False
July,August,3,2,8,3819,0,0.0,0,0,,False,False
July,August,3,2,9,3819,0,0.0,0,0,,False,False
July,August,3,3,-2,240,0,0.0,0,0,,False,False
July,August,3,3,-1,240,19,7.916666666666666,6,13,0.3157894736842105,True,True
July,August,3,3,0,240,27,11.25,13,14,0.48148148148148145,True,True
July,August,3,3,1,240,0,0.0,0,0,,False,False
July,August,3,3,2,240,88,36.666666666666664,61,27,0.6931818181818182,True,True
July,August,3,3,3,240,24,10.0,15,9,0.625,True,True
July,August,3,3,4,240,82,34.166666666666664,43,39,0.524390243902439,True,True
July,August,3,3,5,240,0,0.0,0,0,,False,False
July,August,3,3,6,240,0,0.0,0,0,,False,False
July,August,3,3,7,240,0,0.0,0,0,,False,False
July,August,3,3,8,240,0,0.0,0,0,,False,False
July,August,3,3,9,240,0,0.0,0,0,,False,False
July,August,3,4,-2,76,0,0.0,0,0,,False,False
July,August,3,4,-1,76,0,0.0,0,0,,False,False
July,August,3,4,0,76,4,5.263157894736842,0,4,0.0,True,True
July,August,3,4,1,76,0,0.0,0,0,,False,False
July,August,3,4,2,76,22,28.947368421052634,16,6,0.7272727272727273,True,True
July,August,3,4,3,76,9,11.842105263157894,6,3,0.6666666666666666,True,True
July,August,3,4,4,76,16,21.052631578947366,7,9,0.4375,True,True
July,August,3,4,5,76,25,32.89473684210527,15,10,0.6,True,True
July,August,3,4,6,76,0,0.0,0,0,,False,False
July,August,3,4,7,76,0,0.0,0,0,,False,False
July,August,3,4,8,76,0,0.0,0,0,,False,False
July,August,3,4,9,76,0,0.0,0,0,,False,False
July,August,3,5,-2,21,0,0.0,0,0,,False,False
July,August,3,5,-1,21,0,0.0,0,0,,False,False
July,August,3,5,0,21,1,4.761904761904762,0,1,0.0,True,True
July,August,3,5,1,21,0,0.0,0,0,,False,False
July,August,3,5,2,21,6,28.57142857142857,3,3,0.5,True,True
July,August,3,5,3,21,1,4.761904761904762,0,1,0.0,True,True
July,August,3,5,4,21,1,4.761904761904762,0,1,0.0,True,True
July,August,3,5,5,21,0,0.0,0,0,,False,False
July,August,3,5,6,21,12,57.14285714285714,9,3,0.75,True,True
July,August,3,5,7,21,0,0.0,0,0,,False,False
July,August,3,5,8,21,0,0.0,0,0,,False,False
July,August,3,5,9,21,0,0.0,0,0,,False,False
July,August,3,6,-2,23,0,0.0,0,0,,False,False
July,August,3,6,-1,23,0,0.0,0,0,,False,False
July,August,3,6,0,23,0,0.0,0,0,,False,False
July,August,3,6,1,23,0,0.0,0,0,,False,False
July,August,3,6,2,23,2,8.695652173913043,1,1,0.5,True,True
July,August,3,6,3,23,1,4.3478260869565215,1,0,1.0,True,True
July,August,3,6,4,23,0,0.0,0,0,,False,False
July,August,3,6,5,23,0,0.0,0,0,,False,False
July,August,3,6,6,23,0,0.0,0,0,,False,False
July,August,3,6,7,23,20,86.95652173913044,12,8,0.6,True,True
July,August,3,6,8,23,0,0.0,0,0,,False,False
July,August,3,6,9,23,0,0.0,0,0,,False,False
July,August,3,7,-2,27,0,0.0,0,0,,False,False
July,August,3,7,-1,27,0,0.0,0,0,,False,False
July,August,3,7,0,27,0,0.0,0,0,,False,False
July,August,3,7,1,27,0,0.0,0,0,,False,False
July,August,3,7,2,27,25,92.5925925925926,21,4,0.84,True,True
July,August,3,7,3,27,1,3.7037037037037033,1,0,1.0,True,True
July,August,3,7,4,27,0,0.0,0,0,,False,False
July,August,3,7,5,27,0,0.0,0,0,,False,False
July,August,3,7,6,27,0,0.0,0,0,,False,False
July,August,3,7,7,27,0,0.0,0,0,,False,False
July,August,3,7,8,27,1,3.7037037037037033,0,1,0.0,True,True
July,August,3,7,9,27,0,0.0,0,0,,False,False
July,August,3,8,-2,3,0,0.0,0,0,,False,False
July,August,3,8,-1,3,0,0.0,0,0,,False,False
July,August,3,8,0,3,0,0.0,0,0,,False,False
July,August,3,8,1,3,0,0.0,0,0,,False,False
July,August,3,8,2,3,3,100.0,2,1,0.6666666666666666,True,True
July,August,3,8,3,3,0,0.0,0,0,,False,False
July,August,3,8,4,3,0,0.0,0,0,,False,False
July,August,3,8,5,3,0,0.0,0,0,,False,False
July,August,3,8,6,3,0,0.0,0,0,,False,False
July,August,3,8,7,3,0,0.0,0,0,,False,False
July,August,3,8,8,3,0,0.0,0,0,,False,False
July,August,3,8,9,3,0,0.0,0,0,,False,False
July,August,3,9,-2,0,0,,0,0,,False,False
July,August,3,9,-1,0,0,,0,0,,False,False
July,August,3,9,0,0,0,,0,0,,False,False
July,August,3,9,1,0,0,,0,0,,False,False
July,August,3,9,2,0,0,,0,0,,False,False
July,August,3,9,3,0,0,,0,0,,False,False
July,August,3,9,4,0,0,,0,0,,False,False
July,August,3,9,5,0,0,,0,0,,False,False
July,August,3,9,6,0,0,,0,0,,False,False
July,August,3,9,7,0,0,,0,0,,False,False
July,August,3,9,8,0,0,,0,0,,False,False
July,August,3,9,9,0,0,,0,0,,False,False
August,September,4,-2,-2,3782,2561,67.71549444738234,345,2216,0.1347130027333073,True,False
August,September,4,-2,-1,3782,0,0.0,0,0,,False,False
August,September,4,-2,0,3782,0,0.0,0,0,,False,False
August,September,4,-2,1,3782,1221,32.28450555261767,346,875,0.2833742833742834,True,False
August,September,4,-2,2,3782,0,0.0,0,0,,False,False
August,September,4,-2,3,3782,0,0.0,0,0,,False,False
August,September,4,-2,4,3782,0,0.0,0,0,,False,False
August,September,4,-2,5,3782,0,0.0,0,0,,False,False
August,September,4,-2,6,3782,0,0.0,0,0,,False,False
August,September,4,-2,7,3782,0,0.0,0,0,,False,False
August,September,4,-2,8,3782,0,0.0,0,0,,False,False
August,September,4,-2,9,3782,0,0.0,0,0,,False,False
August,September,4,-1,-2,6050,193,3.190082644628099,17,176,0.08808290155440414,True,True
August,September,4,-1,-1,6050,4641,76.7107438016529,705,3936,0.15190691661279895,True,False
August,September,4,-1,0,6050,478,7.900826446280992,62,416,0.1297071129707113,True,False
August,September,4,-1,1,6050,612,10.115702479338843,126,486,0.20588235294117646,True,False
August,September,4,-1,2,6050,126,2.0826446280991737,56,70,0.4444444444444444,True,True
August,September,4,-1,3,6050,0,0.0,0,0,,False,False
August,September,4,-1,4,6050,0,0.0,0,0,,False,False
August,September,4,-1,5,6050,0,0.0,0,0,,False,False
August,September,4,-1,6,6050,0,0.0,0,0,,False,False
August,September,4,-1,7,6050,0,0.0,0,0,,False,False
August,September,4,-1,8,6050,0,0.0,0,0,,False,False
August,September,4,-1,9,6050,0,0.0,0,0,,False,False
August,September,4,0,-2,15730,0,0.0,0,0,,False,False
August,September,4,0,-1,15730,603,3.8334392879847425,82,521,0.13598673300165837,True,False
August,September,4,0,0,15730,14259,90.64844246662427,1826,12433,0.12805947121116487,True,False
August,September,4,0,1,15730,3,0.019071837253655435,0,3,0.0,True,True
August,September,4,0,2,15730,865,5.499046408137318,595,270,0.6878612716763006,True,False
August,September,4,0,3,15730,0,0.0,0,0,,False,False
August,September,4,0,4,15730,0,0.0,0,0,,False,False
August,September,4,0,5,15730,0,0.0,0,0,,False,False
August,September,4,0,6,15730,0,0.0,0,0,,False,False
August,September,4,0,7,15730,0,0.0,0,0,,False,False
August,September,4,0,8,15730,0,0.0,0,0,,False,False
August,September,4,0,9,15730,0,0.0,0,0,,False,False
August,September,4,1,-2,28,0,0.0,0,0,,False,False
August,September,4,1,-1,28,0,0.0,0,0,,False,False
August,September,4,1,0,28,0,0.0,0,0,,False,False
August,September,4,1,1,28,28,100.0,5,23,0.17857142857142858,True,True
August,September,4,1,2,28,0,0.0,0,0,,False,False
August,September,4,1,3,28,0,0.0,0,0,,False,False
August,September,4,1,4,28,0,0.0,0,0,,False,False
August,September,4,1,5,28,0,0.0,0,0,,False,False
August,September,4,1,6,28,0,0.0,0,0,,False,False
August,September,4,1,7,28,0,0.0,0,0,,False,False
August,September,4,1,8,28,0,0.0,0,0,,False,False
August,September,4,1,9,28,0,0.0,0,0,,False,False
August,September,4,2,-2,3927,5,0.12732365673542145,3,2,0.6,True,True
August,September,4,2,-1,3927,387,9.854851031321619,137,250,0.35400516795865633,True,False
August,September,4,2,0,3927,0,0.0,0,0,,False,False
August,September,4,2,1,3927,1672,42.57703081232493,695,977,0.41566985645933013,True,False
August,September,4,2,2,3927,1591,40.5143875732111,1143,448,0.7184160905091138,True,False
August,September,4,2,3,3927,272,6.926406926406926,206,66,0.7573529411764706,True,False
August,September,4,2,4,3927,0,0.0,0,0,,False,False
August,September,4,2,5,3927,0,0.0,0,0,,False,False
August,September,4,2,6,3927,0,0.0,0,0,,False,False
August,September,4,2,7,3927,0,0.0,0,0,,False,False
August,September,4,2,8,3927,0,0.0,0,0,,False,False
August,September,4,2,9,3927,0,0.0,0,0,,False,False
August,September,4,3,-2,326,0,0.0,0,0,,False,False
August,September,4,3,-1,326,47,14.417177914110429,25,22,0.5319148936170213,True,True
August,September,4,3,0,326,0,0.0,0,0,,False,False
August,September,4,3,1,326,109,33.43558282208589,61,48,0.5596330275229358,True,True
August,September,4,3,2,326,71,21.779141104294478,44,27,0.6197183098591549,True,True
August,September,4,3,3,326,41,12.576687116564417,30,11,0.7317073170731707,True,True
August,September,4,3,4,326,58,17.791411042944784,41,17,0.7068965517241379,True,True
August,September,4,3,5,326,0,0.0,0,0,,False,False
August,September,4,3,6,326,0,0.0,0,0,,False,False
August,September,4,3,7,326,0,0.0,0,0,,False,False
August,September,4,3,8,326,0,0.0,0,0,,False,False
August,September,4,3,9,326,0,0.0,0,0,,False,False
August,September,4,4,-2,99,0,0.0,0,0,,False,False
August,September,4,4,-1,99,5,5.05050505050505,3,2,0.6,True,True
August,September,4,4,0,99,0,0.0,0,0,,False,False
August,September,4,4,1,99,32,32.323232323232325,13,19,0.40625,True,True
August,September,4,4,2,99,14,14.14141414141414,6,8,0.42857142857142855,True,True
August,September,4,4,3,99,8,8.080808080808081,8,0,1.0,True,True
August,September,4,4,4,99,15,15.151515151515152,8,7,0.5333333333333333,True,True
August,September,4,4,5,99,25,25.252525252525253,12,13,0.48,True,True
August,September,4,4,6,99,0,0.0,0,0,,False,False
August,September,4,4,7,99,0,0.0,0,0,,False,False
August,September,4,4,8,99,0,0.0,0,0,,False,False
August,September,4,4,9,99,0,0.0,0,0,,False,False
August,September,4,5,-2,25,0,0.0,0,0,,False,False
August,September,4,5,-1,25,3,12.0,2,1,0.6666666666666666,True,True
August,September,4,5,0,25,0,0.0,0,0,,False,False
August,September,4,5,1,25,7,28.000000000000004,4,3,0.5714285714285714,True,True
August,September,4,5,2,25,0,0.0,0,0,,False,False
August,September,4,5,3,25,1,4.0,0,1,0.0,True,True
August,September,4,5,4,25,3,12.0,3,0,1.0,True,True
August,September,4,5,5,25,0,0.0,0,0,,False,False
August,September,4,5,6,25,11,44.0,6,5,0.5454545454545454,True,True
August,September,4,5,7,25,0,0.0,0,0,,False,False
August,September,4,5,8,25,0,0.0,0,0,,False,False
August,September,4,5,9,25,0,0.0,0,0,,False,False
August,September,4,6,-2,12,0,0.0,0,0,,False,False
August,September,4,6,-1,12,0,0.0,0,0,,False,False
August,September,4,6,0,12,0,0.0,0,0,,False,False
August,September,4,6,1,12,2,16.666666666666664,1,1,0.5,True,True
August,September,4,6,2,12,0,0.0,0,0,,False,False
August,September,4,6,3,12,0,0.0,0,0,,False,False
August,September,4,6,4,12,0,0.0,0,0,,False,False
August,September,4,6,5,12,1,8.333333333333332,1,0,1.0,True,True
August,September,4,6,6,12,0,0.0,0,0,,False,False
August,September,4,6,7,12,9,75.0,7,2,0.7777777777777778,True,True
August,September,4,6,8,12,0,0.0,0,0,,False,False
August,September,4,6,9,12,0,0.0,0,0,,False,False
August,September,4,7,-2,20,0,0.0,0,0,,False,False
August,September,4,7,-1,20,0,0.0,0,0,,False,False
August,September,4,7,0,20,0,0.0,0,0,,False,False
August,September,4,7,1,20,1,5.0,1,0,1.0,True,True
August,September,4,7,2,20,0,0.0,0,0,,False,False
August,September,4,7,3,20,0,0.0,0,0,,False,False
August,September,4,7,4,20,0,0.0,0,0,,False,False
August,September,4,7,5,20,0,0.0,0,0,,False,False
August,September,4,7,6,20,0,0.0,0,0,,False,False
August,September,4,7,7,20,0,0.0,0,0,,False,False
August,September,4,7,8,20,19,95.0,11,8,0.5789473684210527,True,True
August,September,4,7,9,20,0,0.0,0,0,,False,False
August,September,4,8,-2,1,0,0.0,0,0,,False,False
August,September,4,8,-1,1,0,0.0,0,0,,False,False
August,September,4,8,0,1,0,0.0,0,0,,False,False
August,September,4,8,1,1,1,100.0,0,1,0.0,True,True
August,September,4,8,2,1,0,0.0,0,0,,False,False
August,September,4,8,3,1,0,0.0,0,0,,False,False
August,September,4,8,4,1,0,0.0,0,0,,False,False
August,September,4,8,5,1,0,0.0,0,0,,False,False
August,September,4,8,6,1,0,0.0,0,0,,False,False
August,September,4,8,7,1,0,0.0,0,0,,False,False
August,September,4,8,8,1,0,0.0,0,0,,False,False
August,September,4,8,9,1,0,0.0,0,0,,False,False
August,September,4,9,-2,0,0,,0,0,,False,False
August,September,4,9,-1,0,0,,0,0,,False,False
August,September,4,9,0,0,0,,0,0,,False,False
August,September,4,9,1,0,0,,0,0,,False,False
August,September,4,9,2,0,0,,0,0,,False,False
August,September,4,9,3,0,0,,0,0,,False,False
August,September,4,9,4,0,0,,0,0,,False,False
August,September,4,9,5,0,0,,0,0,,False,False
August,September,4,9,6,0,0,,0,0,,False,False
August,September,4,9,7,0,0,,0,0,,False,False
August,September,4,9,8,0,0,,0,0,,False,False
August,September,4,9,9,0,0,,0,0,,False,False
